{"__symbolic":"module","version":4,"exports":[{"export":[{"name":"ɵgetDOM","as":"ɵgetDOM"}],"from":"@angular/common"}],"metadata":{"ɵangular_packages_platform_browser_platform_browser_a":{"__symbolic":"function","parameters":[],"value":{"__symbolic":"new","expression":{"__symbolic":"reference","module":"@angular/core","name":"ErrorHandler","line":29,"character":13}}},"ɵangular_packages_platform_browser_platform_browser_b":{"__symbolic":"function"},"ɵangular_packages_platform_browser_platform_browser_c":[{"__symbolic":"reference","name":"ɵBROWSER_SANITIZATION_PROVIDERS"},{"provide":{"__symbolic":"reference","module":"@angular/core","name":"ɵINJECTOR_SCOPE","line":67,"character":12},"useValue":"root"},{"provide":{"__symbolic":"reference","module":"@angular/core","name":"ErrorHandler","line":68,"character":12},"useFactory":{"__symbolic":"reference","name":"ɵangular_packages_platform_browser_platform_browser_a"},"deps":[]},{"provide":{"__symbolic":"reference","name":"EVENT_MANAGER_PLUGINS"},"useClass":{"__symbolic":"reference","name":"ɵDomEventsPlugin"},"multi":true,"deps":[{"__symbolic":"reference","module":"@angular/common","name":"DOCUMENT","line":73,"character":11},{"__symbolic":"reference","module":"@angular/core","name":"NgZone","line":73,"character":21},{"__symbolic":"reference","module":"@angular/core","name":"PLATFORM_ID","line":73,"character":29}]},{"provide":{"__symbolic":"reference","name":"EVENT_MANAGER_PLUGINS"},"useClass":{"__symbolic":"reference","name":"ɵKeyEventsPlugin"},"multi":true,"deps":[{"__symbolic":"reference","module":"@angular/common","name":"DOCUMENT","line":75,"character":82}]},{"__symbolic":"reference","name":"ɵangular_packages_platform_browser_platform_browser_i"},{"provide":{"__symbolic":"reference","name":"ɵDomRendererFactory2"},"useClass":{"__symbolic":"reference","name":"ɵDomRendererFactory2"},"deps":[{"__symbolic":"reference","name":"EventManager"},{"__symbolic":"reference","name":"ɵDomSharedStylesHost"},{"__symbolic":"reference","module":"@angular/core","name":"APP_ID","line":80,"character":46}]},{"provide":{"__symbolic":"reference","module":"@angular/core","name":"RendererFactory2","line":82,"character":12},"useExisting":{"__symbolic":"reference","name":"ɵDomRendererFactory2"}},{"provide":{"__symbolic":"reference","name":"ɵSharedStylesHost"},"useExisting":{"__symbolic":"reference","name":"ɵDomSharedStylesHost"}},{"provide":{"__symbolic":"reference","name":"ɵDomSharedStylesHost"},"useClass":{"__symbolic":"reference","name":"ɵDomSharedStylesHost"},"deps":[{"__symbolic":"reference","module":"@angular/common","name":"DOCUMENT","line":84,"character":71}]},{"provide":{"__symbolic":"reference","module":"@angular/core","name":"Testability","line":85,"character":12},"useClass":{"__symbolic":"reference","module":"@angular/core","name":"Testability","line":85,"character":35},"deps":[{"__symbolic":"reference","module":"@angular/core","name":"NgZone","line":85,"character":55}]},{"provide":{"__symbolic":"reference","name":"EventManager"},"useClass":{"__symbolic":"reference","name":"EventManager"},"deps":[{"__symbolic":"reference","name":"EVENT_MANAGER_PLUGINS"},{"__symbolic":"reference","module":"@angular/core","name":"NgZone","line":86,"character":80}]},{"__symbolic":"reference","name":"ɵELEMENT_PROBE_PROVIDERS"}],"ɵangular_packages_platform_browser_platform_browser_d":{"__symbolic":"function","parameters":[],"value":{"__symbolic":"new","expression":{"__symbolic":"reference","name":"Meta"},"arguments":[{"__symbolic":"call","expression":{"__symbolic":"reference","module":"@angular/core","name":"ɵɵinject","line":35,"character":18},"arguments":[{"__symbolic":"reference","module":"@angular/common","name":"DOCUMENT","line":35,"character":27}]}]}},"ɵangular_packages_platform_browser_platform_browser_e":{"__symbolic":"function","parameters":[],"value":{"__symbolic":"new","expression":{"__symbolic":"reference","name":"Title"},"arguments":[{"__symbolic":"call","expression":{"__symbolic":"reference","module":"@angular/core","name":"ɵɵinject","line":16,"character":19},"arguments":[{"__symbolic":"reference","module":"@angular/common","name":"DOCUMENT","line":16,"character":28}]}]}},"ɵangular_packages_platform_browser_platform_browser_f":{"__symbolic":"function"},"ɵangular_packages_platform_browser_platform_browser_g":{"__symbolic":"class","members":{"__ctor__":[{"__symbolic":"constructor","parameters":[{"__symbolic":"reference","name":"any"}]}],"supports":[{"__symbolic":"method"}],"addEventListener":[{"__symbolic":"method"}],"addGlobalEventListener":[{"__symbolic":"method"}]}},"ɵangular_packages_platform_browser_platform_browser_h":[{"provide":{"__symbolic":"reference","name":"EVENT_MANAGER_PLUGINS"},"useClass":{"__symbolic":"reference","name":"ɵHammerGesturesPlugin"},"multi":true,"deps":[{"__symbolic":"reference","module":"@angular/common","name":"DOCUMENT","line":270,"character":11},{"__symbolic":"reference","name":"HAMMER_GESTURE_CONFIG"},{"__symbolic":"reference","module":"@angular/core","name":"ɵConsole","line":165,"character":92},[{"__symbolic":"new","expression":{"__symbolic":"reference","module":"@angular/core","name":"Optional","line":270,"character":58}},{"__symbolic":"reference","name":"HAMMER_LOADER"}]]},{"provide":{"__symbolic":"reference","name":"HAMMER_GESTURE_CONFIG"},"useClass":{"__symbolic":"reference","name":"HammerGestureConfig"},"deps":[]}],"ɵangular_packages_platform_browser_platform_browser_i":{"__symbolic":"reference","name":"ɵangular_packages_platform_browser_platform_browser_h"},"ɵangular_packages_platform_browser_platform_browser_j":{"__symbolic":"function","parameters":["injector"],"value":{"__symbolic":"new","expression":{"__symbolic":"reference","name":"ɵDomSanitizerImpl"},"arguments":[{"__symbolic":"call","expression":{"__symbolic":"select","expression":{"__symbolic":"reference","name":"injector"},"member":"get"},"arguments":[{"__symbolic":"reference","module":"@angular/common","name":"DOCUMENT","line":146,"character":43}]}]}},"ɵangular_packages_platform_browser_platform_browser_k":{"__symbolic":"function","parameters":["transitionId","document","injector"],"value":{"__symbolic":"error","message":"Lambda not supported","line":18,"character":9,"module":"./platform-browser"}},"ɵangular_packages_platform_browser_platform_browser_l":[{"provide":{"__symbolic":"reference","module":"@angular/core","name":"APP_INITIALIZER","line":33,"character":13},"useFactory":{"__symbolic":"reference","name":"ɵangular_packages_platform_browser_platform_browser_k"},"deps":[{"__symbolic":"reference","name":"ɵTRANSITION_ID"},{"__symbolic":"reference","module":"@angular/common","name":"DOCUMENT","line":35,"character":26},{"__symbolic":"reference","module":"@angular/core","name":"Injector","line":35,"character":36}],"multi":true}],"ɵangular_packages_platform_browser_platform_browser_m":{"__symbolic":"function"},"ɵangular_packages_platform_browser_platform_browser_n":[{"provide":{"__symbolic":"reference","module":"@angular/core","name":"APP_INITIALIZER","line":53,"character":13},"useFactory":{"__symbolic":"reference","name":"ɵangular_packages_platform_browser_platform_browser_m"},"deps":[[{"__symbolic":"reference","module":"@angular/core","name":"NgProbeToken","line":56,"character":7},{"__symbolic":"new","expression":{"__symbolic":"reference","module":"@angular/core","name":"Optional","line":56,"character":25}}]],"multi":true}],"BrowserModule":{"__symbolic":"class","decorators":[{"__symbolic":"call","expression":{"__symbolic":"reference","module":"@angular/core","name":"NgModule","line":99,"character":1},"arguments":[{"providers":{"__symbolic":"reference","name":"ɵangular_packages_platform_browser_platform_browser_c"},"exports":[{"__symbolic":"reference","module":"@angular/common","name":"CommonModule","line":99,"character":58},{"__symbolic":"reference","module":"@angular/core","name":"ApplicationModule","line":99,"character":72}]}]}],"members":{"__ctor__":[{"__symbolic":"constructor","parameterDecorators":[[{"__symbolic":"call","expression":{"__symbolic":"reference","module":"@angular/core","name":"Optional","line":101,"character":15}},{"__symbolic":"call","expression":{"__symbolic":"reference","module":"@angular/core","name":"SkipSelf","line":101,"character":27}},{"__symbolic":"call","expression":{"__symbolic":"reference","module":"@angular/core","name":"Inject","line":101,"character":39},"arguments":[{"__symbolic":"reference","name":"BrowserModule"}]}]],"parameters":[{"__symbolic":"reference","name":"BrowserModule"}]}]},"statics":{"withServerTransition":{"__symbolic":"function","parameters":["params"],"value":{"ngModule":{"__symbolic":"reference","name":"BrowserModule"},"providers":[{"provide":{"__symbolic":"reference","module":"@angular/core","name":"APP_ID","line":120,"character":18},"useValue":{"__symbolic":"select","expression":{"__symbolic":"reference","name":"params"},"member":"appId"}},{"provide":{"__symbolic":"reference","name":"ɵTRANSITION_ID"},"useExisting":{"__symbolic":"reference","module":"@angular/core","name":"APP_ID","line":121,"character":46}},{"__symbolic":"reference","name":"ɵangular_packages_platform_browser_platform_browser_l"}]}}}},"platformBrowser":{"__symbolic":"call","expression":{"__symbolic":"reference","module":"@angular/core","name":"createPlatformFactory","line":63,"character":4},"arguments":[{"__symbolic":"reference","module":"@angular/core","name":"platformCore","line":63,"character":26},"browser",{"__symbolic":"reference","name":"ɵINTERNAL_BROWSER_PLATFORM_PROVIDERS"}]},"Meta":{"__symbolic":"class","decorators":[{"__symbolic":"call","expression":{"__symbolic":"reference","module":"@angular/core","name":"Injectable","line":43,"character":1},"arguments":[{"providedIn":"root","useFactory":{"__symbolic":"reference","name":"ɵangular_packages_platform_browser_platform_browser_d"},"deps":[]}]}],"members":{"__ctor__":[{"__symbolic":"constructor","parameterDecorators":[[{"__symbolic":"call","expression":{"__symbolic":"reference","module":"@angular/core","name":"Inject","line":46,"character":15},"arguments":[{"__symbolic":"reference","module":"@angular/common","name":"DOCUMENT","line":46,"character":22}]}]],"parameters":[{"__symbolic":"reference","name":"any"}]}],"addTag":[{"__symbolic":"method"}],"addTags":[{"__symbolic":"method"}],"getTag":[{"__symbolic":"method"}],"getTags":[{"__symbolic":"method"}],"updateTag":[{"__symbolic":"method"}],"removeTag":[{"__symbolic":"method"}],"removeTagElement":[{"__symbolic":"method"}],"_getOrCreateElement":[{"__symbolic":"method"}],"_setMetaElementAttributes":[{"__symbolic":"method"}],"_parseSelector":[{"__symbolic":"method"}],"_containsAttributes":[{"__symbolic":"method"}]},"statics":{"ɵprov":{}}},"MetaDefinition":{"__symbolic":"interface"},"Title":{"__symbolic":"class","decorators":[{"__symbolic":"call","expression":{"__symbolic":"reference","module":"@angular/core","name":"Injectable","line":29,"character":1},"arguments":[{"providedIn":"root","useFactory":{"__symbolic":"reference","name":"ɵangular_packages_platform_browser_platform_browser_e"},"deps":[]}]}],"members":{"__ctor__":[{"__symbolic":"constructor","parameterDecorators":[[{"__symbolic":"call","expression":{"__symbolic":"reference","module":"@angular/core","name":"Inject","line":31,"character":15},"arguments":[{"__symbolic":"reference","module":"@angular/common","name":"DOCUMENT","line":31,"character":22}]}]],"parameters":[{"__symbolic":"reference","name":"any"}]}],"getTitle":[{"__symbolic":"method"}],"setTitle":[{"__symbolic":"method"}]},"statics":{"ɵprov":{}}},"disableDebugTools":{"__symbolic":"function"},"enableDebugTools":{"__symbolic":"function"},"BrowserTransferStateModule":{"__symbolic":"class","decorators":[{"__symbolic":"call","expression":{"__symbolic":"reference","module":"@angular/core","name":"NgModule","line":166,"character":1},"arguments":[{"providers":[{"provide":{"__symbolic":"reference","name":"TransferState"},"useFactory":{"__symbolic":"reference","name":"ɵangular_packages_platform_browser_platform_browser_f"},"deps":[{"__symbolic":"reference","module":"@angular/common","name":"DOCUMENT","line":167,"character":77},{"__symbolic":"reference","module":"@angular/core","name":"APP_ID","line":167,"character":87}]}]}]}],"members":{}},"makeStateKey":{"__symbolic":"function","parameters":["key"],"value":{"__symbolic":"reference","name":"key"}},"StateKey":{"__symbolic":"interface"},"TransferState":{"__symbolic":"class","decorators":[{"__symbolic":"call","expression":{"__symbolic":"reference","module":"@angular/core","name":"Injectable","line":80,"character":1}}],"members":{"get":[{"__symbolic":"method"}],"set":[{"__symbolic":"method"}],"remove":[{"__symbolic":"method"}],"hasKey":[{"__symbolic":"method"}],"onSerialize":[{"__symbolic":"method"}],"toJson":[{"__symbolic":"method"}]}},"By":{"__symbolic":"class","members":{},"statics":{"all":{"__symbolic":"function","parameters":[],"value":{"__symbolic":"error","message":"Lambda not supported","line":28,"character":11,"module":"./platform-browser"}},"css":{"__symbolic":"function","parameters":["selector"],"value":{"__symbolic":"error","message":"Lambda not supported","line":40,"character":11,"module":"./platform-browser"}},"directive":{"__symbolic":"function","parameters":["type"],"value":{"__symbolic":"error","message":"Lambda not supported","line":56,"character":11,"module":"./platform-browser"}}}},"EVENT_MANAGER_PLUGINS":{"__symbolic":"new","expression":{"__symbolic":"reference","module":"@angular/core","name":"InjectionToken","line":17,"character":8},"arguments":["EventManagerPlugins"]},"EventManager":{"__symbolic":"class","decorators":[{"__symbolic":"call","expression":{"__symbolic":"reference","module":"@angular/core","name":"Injectable","line":25,"character":1}}],"members":{"__ctor__":[{"__symbolic":"constructor","parameterDecorators":[[{"__symbolic":"call","expression":{"__symbolic":"reference","module":"@angular/core","name":"Inject","line":33,"character":15},"arguments":[{"__symbolic":"reference","name":"EVENT_MANAGER_PLUGINS"}]}],null],"parameters":[{"__symbolic":"reference","name":"Array","arguments":[{"__symbolic":"reference","name":"ɵangular_packages_platform_browser_platform_browser_g"}]},{"__symbolic":"reference","module":"@angular/core","name":"NgZone","line":33,"character":91}]}],"addEventListener":[{"__symbolic":"method"}],"addGlobalEventListener":[{"__symbolic":"method"}],"getZone":[{"__symbolic":"method"}],"_findPluginFor":[{"__symbolic":"method"}]}},"HAMMER_GESTURE_CONFIG":{"__symbolic":"new","expression":{"__symbolic":"reference","module":"@angular/core","name":"InjectionToken","line":63,"character":41},"arguments":["HammerGestureConfig"]},"HAMMER_LOADER":{"__symbolic":"new","expression":{"__symbolic":"reference","module":"@angular/core","name":"InjectionToken","line":78,"character":33},"arguments":["HammerLoader"]},"ɵHAMMER_PROVIDERS__POST_R3__":[],"HammerGestureConfig":{"__symbolic":"class","decorators":[{"__symbolic":"call","expression":{"__symbolic":"reference","module":"@angular/core","name":"Injectable","line":91,"character":1}}],"members":{"buildHammer":[{"__symbolic":"method"}]}},"HammerLoader":{"__symbolic":"interface"},"HammerModule":{"__symbolic":"class","decorators":[{"__symbolic":"call","expression":{"__symbolic":"reference","module":"@angular/core","name":"NgModule","line":288,"character":1},"arguments":[{"providers":{"__symbolic":"reference","name":"ɵangular_packages_platform_browser_platform_browser_h"}}]}],"members":{}},"DomSanitizer":{"__symbolic":"class","decorators":[{"__symbolic":"call","expression":{"__symbolic":"reference","module":"@angular/core","name":"Injectable","line":88,"character":1},"arguments":[{"providedIn":"root","useExisting":{"__symbolic":"reference","name":"ɵDomSanitizerImpl"}}]}],"members":{"sanitize":[{"__symbolic":"method"}],"bypassSecurityTrustHtml":[{"__symbolic":"method"}],"bypassSecurityTrustStyle":[{"__symbolic":"method"}],"bypassSecurityTrustScript":[{"__symbolic":"method"}],"bypassSecurityTrustUrl":[{"__symbolic":"method"}],"bypassSecurityTrustResourceUrl":[{"__symbolic":"method"}]},"statics":{"ɵprov":{}}},"SafeHtml":{"__symbolic":"interface"},"SafeResourceUrl":{"__symbolic":"interface"},"SafeScript":{"__symbolic":"interface"},"SafeStyle":{"__symbolic":"interface"},"SafeUrl":{"__symbolic":"interface"},"SafeValue":{"__symbolic":"interface"},"ɵBROWSER_SANITIZATION_PROVIDERS":[{"provide":{"__symbolic":"reference","module":"@angular/core","name":"Sanitizer","line":45,"character":12},"useExisting":{"__symbolic":"reference","name":"DomSanitizer"}},{"provide":{"__symbolic":"reference","name":"DomSanitizer"},"useClass":{"__symbolic":"reference","name":"ɵDomSanitizerImpl"},"deps":[{"__symbolic":"reference","module":"@angular/common","name":"DOCUMENT","line":46,"character":61}]}],"ɵBROWSER_SANITIZATION_PROVIDERS__POST_R3__":[],"ɵinitDomAdapter":{"__symbolic":"function"},"ɵINTERNAL_BROWSER_PLATFORM_PROVIDERS":[{"provide":{"__symbolic":"reference","module":"@angular/core","name":"PLATFORM_ID","line":39,"character":12},"useValue":{"__symbolic":"reference","module":"@angular/common","name":"ɵPLATFORM_BROWSER_ID","line":39,"character":35}},{"provide":{"__symbolic":"reference","module":"@angular/core","name":"PLATFORM_INITIALIZER","line":40,"character":12},"useValue":{"__symbolic":"reference","name":"ɵinitDomAdapter"},"multi":true},{"provide":{"__symbolic":"reference","module":"@angular/common","name":"DOCUMENT","line":41,"character":12},"useFactory":{"__symbolic":"reference","name":"ɵangular_packages_platform_browser_platform_browser_b"},"deps":[]}],"ɵBrowserDomAdapter":{"__symbolic":"class","extends":{"__symbolic":"reference","name":"ɵangular_packages_platform_browser_platform_browser_o"},"members":{"getProperty":[{"__symbolic":"method"}],"log":[{"__symbolic":"method"}],"logGroup":[{"__symbolic":"method"}],"logGroupEnd":[{"__symbolic":"method"}],"onAndCancel":[{"__symbolic":"method"}],"dispatchEvent":[{"__symbolic":"method"}],"remove":[{"__symbolic":"method"}],"getValue":[{"__symbolic":"method"}],"createElement":[{"__symbolic":"method"}],"createHtmlDocument":[{"__symbolic":"method"}],"getDefaultDocument":[{"__symbolic":"method"}],"isElementNode":[{"__symbolic":"method"}],"isShadowRoot":[{"__symbolic":"method"}],"getGlobalEventTarget":[{"__symbolic":"method"}],"getHistory":[{"__symbolic":"method"}],"getLocation":[{"__symbolic":"method"}],"getBaseHref":[{"__symbolic":"method"}],"resetBaseElement":[{"__symbolic":"method"}],"getUserAgent":[{"__symbolic":"method"}],"performanceNow":[{"__symbolic":"method"}],"supportsCookies":[{"__symbolic":"method"}],"getCookie":[{"__symbolic":"method"}]}},"ɵTRANSITION_ID":{"__symbolic":"new","expression":{"__symbolic":"reference","module":"@angular/core","name":"InjectionToken","line":15,"character":33},"arguments":["TRANSITION_ID"]},"ɵBrowserGetTestability":{"__symbolic":"class","members":{"addToWindow":[{"__symbolic":"method"}],"findTestabilityInTree":[{"__symbolic":"method"}]}},"ɵescapeHtml":{"__symbolic":"function"},"ɵELEMENT_PROBE_PROVIDERS":{"__symbolic":"reference","name":"ɵangular_packages_platform_browser_platform_browser_n"},"ɵDomRendererFactory2":{"__symbolic":"class","decorators":[{"__symbolic":"call","expression":{"__symbolic":"reference","module":"@angular/core","name":"Injectable","line":76,"character":1}}],"members":{"__ctor__":[{"__symbolic":"constructor","parameterDecorators":[null,null,[{"__symbolic":"call","expression":{"__symbolic":"reference","module":"@angular/core","name":"Inject","line":83,"character":7},"arguments":[{"__symbolic":"reference","module":"@angular/core","name":"APP_ID","line":83,"character":14}]}]],"parameters":[{"__symbolic":"reference","name":"EventManager"},{"__symbolic":"reference","name":"ɵDomSharedStylesHost"},{"__symbolic":"reference","name":"string"}]}],"createRenderer":[{"__symbolic":"method"}],"begin":[{"__symbolic":"method"}],"end":[{"__symbolic":"method"}]}},"ɵflattenStyles":{"__symbolic":"function"},"ɵNAMESPACE_URIS":{"svg":"http://www.w3.org/2000/svg","xhtml":"http://www.w3.org/1999/xhtml","xlink":"http://www.w3.org/1999/xlink","xml":"http://www.w3.org/XML/1998/namespace","xmlns":"http://www.w3.org/2000/xmlns/","$quoted$":["svg","xhtml","xlink","xml","xmlns"]},"ɵshimContentAttribute":{"__symbolic":"function","parameters":["componentShortId"],"value":{"__symbolic":"call","expression":{},"arguments":[{"__symbolic":"error","message":"Reference to a local symbol","line":21,"character":6,"context":{"name":"COMPONENT_REGEX"},"module":"./platform-browser"},{"__symbolic":"reference","name":"componentShortId"}]}},"ɵshimHostAttribute":{"__symbolic":"function","parameters":["componentShortId"],"value":{"__symbolic":"call","expression":{},"arguments":[{"__symbolic":"error","message":"Reference to a local symbol","line":21,"character":6,"context":{"name":"COMPONENT_REGEX"},"module":"./platform-browser"},{"__symbolic":"reference","name":"componentShortId"}]}},"ɵDomEventsPlugin":{"__symbolic":"class","extends":{"__symbolic":"reference","name":"ɵangular_packages_platform_browser_platform_browser_g"},"decorators":[{"__symbolic":"call","expression":{"__symbolic":"reference","module":"@angular/core","name":"Injectable","line":13,"character":1}}],"members":{"__ctor__":[{"__symbolic":"constructor","parameterDecorators":[[{"__symbolic":"call","expression":{"__symbolic":"reference","module":"@angular/core","name":"Inject","line":15,"character":15},"arguments":[{"__symbolic":"reference","module":"@angular/common","name":"DOCUMENT","line":15,"character":22}]}]],"parameters":[{"__symbolic":"reference","name":"any"}]}],"supports":[{"__symbolic":"method"}],"addEventListener":[{"__symbolic":"method"}],"removeEventListener":[{"__symbolic":"method"}]}},"ɵHammerGesturesPlugin":{"__symbolic":"class","extends":{"__symbolic":"reference","name":"ɵangular_packages_platform_browser_platform_browser_g"},"decorators":[{"__symbolic":"call","expression":{"__symbolic":"reference","module":"@angular/core","name":"Injectable","line":161,"character":1}}],"members":{"__ctor__":[{"__symbolic":"constructor","parameterDecorators":[[{"__symbolic":"call","expression":{"__symbolic":"reference","module":"@angular/core","name":"Inject","line":164,"character":7},"arguments":[{"__symbolic":"reference","module":"@angular/common","name":"DOCUMENT","line":164,"character":14}]}],[{"__symbolic":"call","expression":{"__symbolic":"reference","module":"@angular/core","name":"Inject","line":165,"character":7},"arguments":[{"__symbolic":"reference","name":"HAMMER_GESTURE_CONFIG"}]}],null,[{"__symbolic":"call","expression":{"__symbolic":"reference","module":"@angular/core","name":"Optional","line":166,"character":7}},{"__symbolic":"call","expression":{"__symbolic":"reference","module":"@angular/core","name":"Inject","line":166,"character":19},"arguments":[{"__symbolic":"reference","name":"HAMMER_LOADER"}]}]],"parameters":[{"__symbolic":"reference","name":"any"},{"__symbolic":"reference","name":"HammerGestureConfig"},{"__symbolic":"reference","module":"@angular/core","name":"ɵConsole","line":165,"character":92},{"__symbolic":"error","message":"Could not resolve type","line":166,"character":58,"context":{"typeName":"HammerLoader"},"module":"./platform-browser"}]}],"supports":[{"__symbolic":"method"}],"addEventListener":[{"__symbolic":"method"}],"isCustomEvent":[{"__symbolic":"method"}]}},"ɵKeyEventsPlugin":{"__symbolic":"class","extends":{"__symbolic":"reference","name":"ɵangular_packages_platform_browser_platform_browser_g"},"decorators":[{"__symbolic":"call","expression":{"__symbolic":"reference","module":"@angular/core","name":"Injectable","line":75,"character":1}}],"members":{"__ctor__":[{"__symbolic":"constructor","parameterDecorators":[[{"__symbolic":"call","expression":{"__symbolic":"reference","module":"@angular/core","name":"Inject","line":81,"character":15},"arguments":[{"__symbolic":"reference","module":"@angular/common","name":"DOCUMENT","line":81,"character":22}]}]],"parameters":[{"__symbolic":"reference","name":"any"}]}],"supports":[{"__symbolic":"method"}],"addEventListener":[{"__symbolic":"method"}]},"statics":{"eventCallback":{"__symbolic":"function","parameters":["fullKey","handler","zone"],"value":{"__symbolic":"error","message":"Lambda not supported","line":173,"character":11,"module":"./platform-browser"}}}},"ɵDomSharedStylesHost":{"__symbolic":"class","extends":{"__symbolic":"reference","name":"ɵSharedStylesHost"},"decorators":[{"__symbolic":"call","expression":{"__symbolic":"reference","module":"@angular/core","name":"Injectable","line":34,"character":1}}],"members":{"__ctor__":[{"__symbolic":"constructor","parameterDecorators":[[{"__symbolic":"call","expression":{"__symbolic":"reference","module":"@angular/core","name":"Inject","line":38,"character":15},"arguments":[{"__symbolic":"reference","module":"@angular/common","name":"DOCUMENT","line":38,"character":22}]}]],"parameters":[{"__symbolic":"reference","name":"any"}]}],"_addStylesToHost":[{"__symbolic":"method"}],"addHost":[{"__symbolic":"method"}],"removeHost":[{"__symbolic":"method"}],"onStylesAdded":[{"__symbolic":"method"}],"ngOnDestroy":[{"__symbolic":"method"}]}},"ɵSharedStylesHost":{"__symbolic":"class","decorators":[{"__symbolic":"call","expression":{"__symbolic":"reference","module":"@angular/core","name":"Injectable","line":11,"character":1}}],"members":{"addStyles":[{"__symbolic":"method"}],"onStylesAdded":[{"__symbolic":"method"}],"getAllStyles":[{"__symbolic":"method"}]}},"ɵDomSanitizerImpl":{"__symbolic":"class","extends":{"__symbolic":"reference","name":"DomSanitizer"},"decorators":[{"__symbolic":"call","expression":{"__symbolic":"reference","module":"@angular/core","name":"Injectable","line":149,"character":1},"arguments":[{"providedIn":"root","useFactory":{"__symbolic":"reference","name":"ɵangular_packages_platform_browser_platform_browser_j"},"deps":[{"__symbolic":"reference","module":"@angular/core","name":"Injector","line":149,"character":77}]}]}],"members":{"__ctor__":[{"__symbolic":"constructor","parameterDecorators":[[{"__symbolic":"call","expression":{"__symbolic":"reference","module":"@angular/core","name":"Inject","line":151,"character":15},"arguments":[{"__symbolic":"reference","module":"@angular/common","name":"DOCUMENT","line":151,"character":22}]}]],"parameters":[{"__symbolic":"reference","name":"any"}]}],"sanitize":[{"__symbolic":"method"}],"bypassSecurityTrustHtml":[{"__symbolic":"method"}],"bypassSecurityTrustStyle":[{"__symbolic":"method"}],"bypassSecurityTrustScript":[{"__symbolic":"method"}],"bypassSecurityTrustUrl":[{"__symbolic":"method"}],"bypassSecurityTrustResourceUrl":[{"__symbolic":"method"}]},"statics":{"ɵprov":{}}},"VERSION":{"__symbolic":"new","expression":{"__symbolic":"reference","module":"@angular/core","name":"Version","line":19,"character":27},"arguments":["9.1.2"]},"ɵELEMENT_PROBE_PROVIDERS__POST_R3__":[],"ɵangular_packages_platform_browser_platform_browser_o":{"__symbolic":"class","extends":{"__symbolic":"reference","module":"@angular/common","name":"ɵDomAdapter","line":18,"character":55},"members":{"__ctor__":[{"__symbolic":"constructor"}],"supportsDOMEvents":[{"__symbolic":"method"}]}}},"origins":{"ɵangular_packages_platform_browser_platform_browser_a":"./platform-browser","ɵangular_packages_platform_browser_platform_browser_b":"./platform-browser","ɵangular_packages_platform_browser_platform_browser_c":"./platform-browser","ɵangular_packages_platform_browser_platform_browser_d":"./platform-browser","ɵangular_packages_platform_browser_platform_browser_e":"./platform-browser","ɵangular_packages_platform_browser_platform_browser_f":"./platform-browser","ɵangular_packages_platform_browser_platform_browser_g":"./platform-browser","ɵangular_packages_platform_browser_platform_browser_h":"./platform-browser","ɵangular_packages_platform_browser_platform_browser_i":"./platform-browser","ɵangular_packages_platform_browser_platform_browser_j":"./platform-browser","ɵangular_packages_platform_browser_platform_browser_k":"./platform-browser","ɵangular_packages_platform_browser_platform_browser_l":"./platform-browser","ɵangular_packages_platform_browser_platform_browser_m":"./platform-browser","ɵangular_packages_platform_browser_platform_browser_n":"./platform-browser","BrowserModule":"./platform-browser","platformBrowser":"./platform-browser","Meta":"./platform-browser","MetaDefinition":"./platform-browser","Title":"./platform-browser","disableDebugTools":"./platform-browser","enableDebugTools":"./platform-browser","BrowserTransferStateModule":"./platform-browser","makeStateKey":"./platform-browser","StateKey":"./platform-browser","TransferState":"./platform-browser","By":"./platform-browser","EVENT_MANAGER_PLUGINS":"./platform-browser","EventManager":"./platform-browser","HAMMER_GESTURE_CONFIG":"./platform-browser","HAMMER_LOADER":"./platform-browser","ɵHAMMER_PROVIDERS__POST_R3__":"./platform-browser","HammerGestureConfig":"./platform-browser","HammerLoader":"./platform-browser","HammerModule":"./platform-browser","DomSanitizer":"./platform-browser","SafeHtml":"./platform-browser","SafeResourceUrl":"./platform-browser","SafeScript":"./platform-browser","SafeStyle":"./platform-browser","SafeUrl":"./platform-browser","SafeValue":"./platform-browser","ɵBROWSER_SANITIZATION_PROVIDERS":"./platform-browser","ɵBROWSER_SANITIZATION_PROVIDERS__POST_R3__":"./platform-browser","ɵinitDomAdapter":"./platform-browser","ɵINTERNAL_BROWSER_PLATFORM_PROVIDERS":"./platform-browser","ɵBrowserDomAdapter":"./platform-browser","ɵTRANSITION_ID":"./platform-browser","ɵBrowserGetTestability":"./platform-browser","ɵescapeHtml":"./platform-browser","ɵELEMENT_PROBE_PROVIDERS":"./platform-browser","ɵDomRendererFactory2":"./platform-browser","ɵflattenStyles":"./platform-browser","ɵNAMESPACE_URIS":"./platform-browser","ɵshimContentAttribute":"./platform-browser","ɵshimHostAttribute":"./platform-browser","ɵDomEventsPlugin":"./platform-browser","ɵHammerGesturesPlugin":"./platform-browser","ɵKeyEventsPlugin":"./platform-browser","ɵDomSharedStylesHost":"./platform-browser","ɵSharedStylesHost":"./platform-browser","ɵDomSanitizerImpl":"./platform-browser","VERSION":"./platform-browser","ɵELEMENT_PROBE_PROVIDERS__POST_R3__":"./platform-browser","ɵangular_packages_platform_browser_platform_browser_o":"./platform-browser"},"importAs":"@angular/platform-browser"}