<?xml version="1.0" encoding="UTF-8"?>
<configuration>
    <springProperty scope="context" name="logLevel" source="logging.level"/>
    <springProperty scope="context" name="serviceName" source="spring.application.name"/>

    <!--引入默认设置-->
    <include resource="org/springframework/boot/logging/logback/defaults.xml"/>
    <include resource="org/springframework/boot/logging/logback/console-appender.xml"/>

    <springProfile name="dev">
        <root level="{logLevel}">
            <appender-ref ref="CONSOLE"/>
        </root>
    </springProfile>

    <springProfile name="test">
        <root level="{logLevel}">
            <appender-ref ref="asyncFile"/>
        </root>
    </springProfile>

</configuration>
