{"__symbolic":"module","version":4,"metadata":{"ɵangular_packages_platform_browser_animations_animations_a":{"__symbolic":"function","parameters":[],"value":{"__symbolic":"if","condition":{"__symbolic":"call","expression":{"__symbolic":"reference","module":"@angular/animations/browser","name":"ɵsupportsWebAnimations","line":26,"character":9}},"thenExpression":{"__symbolic":"new","expression":{"__symbolic":"reference","module":"@angular/animations/browser","name":"ɵWebAnimationsDriver","line":26,"character":39}},"elseExpression":{"__symbolic":"new","expression":{"__symbolic":"reference","module":"@angular/animations/browser","name":"ɵCssKeyframesDriver","line":26,"character":67}}}},"ɵangular_packages_platform_browser_animations_animations_b":{"__symbolic":"function","parameters":[],"value":{"__symbolic":"new","expression":{"__symbolic":"reference","module":"@angular/animations/browser","name":"ɵWebAnimationsStyleNormalizer","line":30,"character":13}}},"ɵangular_packages_platform_browser_animations_animations_c":{"__symbolic":"function","parameters":["renderer","engine","zone"],"value":{"__symbolic":"new","expression":{"__symbolic":"reference","name":"ɵAnimationRendererFactory"},"arguments":[{"__symbolic":"reference","name":"renderer"},{"__symbolic":"reference","name":"engine"},{"__symbolic":"reference","name":"zone"}]}},"ɵangular_packages_platform_browser_animations_animations_d":[{"provide":{"__symbolic":"reference","module":"@angular/animations/browser","name":"AnimationDriver","line":20,"character":42},"useFactory":{"__symbolic":"reference","name":"ɵangular_packages_platform_browser_animations_animations_a"}},{"provide":{"__symbolic":"reference","name":"ANIMATION_MODULE_TYPE"},"useValue":"BrowserAnimations"},{"provide":{"__symbolic":"reference","module":"@angular/animations","name":"AnimationBuilder","line":45,"character":12},"useClass":{"__symbolic":"reference","name":"ɵBrowserAnimationBuilder"}},{"provide":{"__symbolic":"reference","module":"@angular/animations/browser","name":"ɵAnimationStyleNormalizer","line":20,"character":71},"useFactory":{"__symbolic":"reference","name":"ɵangular_packages_platform_browser_animations_animations_b"}},{"provide":{"__symbolic":"reference","module":"@angular/animations/browser","name":"ɵAnimationEngine","line":47,"character":12},"useClass":{"__symbolic":"reference","name":"ɵInjectableAnimationEngine"}},{"provide":{"__symbolic":"reference","module":"@angular/core","name":"RendererFactory2","line":48,"character":13},"useFactory":{"__symbolic":"reference","name":"ɵangular_packages_platform_browser_animations_animations_c"},"deps":[{"__symbolic":"reference","module":"@angular/platform-browser","name":"ɵDomRendererFactory2","line":50,"character":11},{"__symbolic":"reference","module":"@angular/animations/browser","name":"ɵAnimationEngine","line":50,"character":32},{"__symbolic":"reference","module":"@angular/core","name":"NgZone","line":50,"character":49}]}],"ɵangular_packages_platform_browser_animations_animations_e":[{"provide":{"__symbolic":"reference","module":"@angular/animations/browser","name":"AnimationDriver","line":20,"character":42},"useClass":{"__symbolic":"reference","module":"@angular/animations/browser","name":"ɵNoopAnimationDriver","line":68,"character":39}},{"provide":{"__symbolic":"reference","name":"ANIMATION_MODULE_TYPE"},"useValue":"NoopAnimations"},{"provide":{"__symbolic":"reference","module":"@angular/animations","name":"AnimationBuilder","line":45,"character":12},"useClass":{"__symbolic":"reference","name":"ɵBrowserAnimationBuilder"}},{"provide":{"__symbolic":"reference","module":"@angular/animations/browser","name":"ɵAnimationStyleNormalizer","line":20,"character":71},"useFactory":{"__symbolic":"reference","name":"ɵangular_packages_platform_browser_animations_animations_b"}},{"provide":{"__symbolic":"reference","module":"@angular/animations/browser","name":"ɵAnimationEngine","line":47,"character":12},"useClass":{"__symbolic":"reference","name":"ɵInjectableAnimationEngine"}},{"provide":{"__symbolic":"reference","module":"@angular/core","name":"RendererFactory2","line":48,"character":13},"useFactory":{"__symbolic":"reference","name":"ɵangular_packages_platform_browser_animations_animations_c"},"deps":[{"__symbolic":"reference","module":"@angular/platform-browser","name":"ɵDomRendererFactory2","line":50,"character":11},{"__symbolic":"reference","module":"@angular/animations/browser","name":"ɵAnimationEngine","line":50,"character":32},{"__symbolic":"reference","module":"@angular/core","name":"NgZone","line":50,"character":49}]}],"ɵangular_packages_platform_browser_animations_animations_f":{"__symbolic":"class","members":{"__ctor__":[{"__symbolic":"constructor","parameters":[{"__symbolic":"reference","name":"string"},{"__symbolic":"reference","module":"@angular/core","name":"Renderer2","line":136,"character":54},{"__symbolic":"reference","module":"@angular/animations/browser","name":"ɵAnimationEngine","line":30,"character":58}]}],"destroy":[{"__symbolic":"method"}],"createElement":[{"__symbolic":"method"}],"createComment":[{"__symbolic":"method"}],"createText":[{"__symbolic":"method"}],"appendChild":[{"__symbolic":"method"}],"insertBefore":[{"__symbolic":"method"}],"removeChild":[{"__symbolic":"method"}],"selectRootElement":[{"__symbolic":"method"}],"parentNode":[{"__symbolic":"method"}],"nextSibling":[{"__symbolic":"method"}],"setAttribute":[{"__symbolic":"method"}],"removeAttribute":[{"__symbolic":"method"}],"addClass":[{"__symbolic":"method"}],"removeClass":[{"__symbolic":"method"}],"setStyle":[{"__symbolic":"method"}],"removeStyle":[{"__symbolic":"method"}],"setProperty":[{"__symbolic":"method"}],"setValue":[{"__symbolic":"method"}],"listen":[{"__symbolic":"method"}],"disableAnimations":[{"__symbolic":"method"}]}},"BrowserAnimationsModule":{"__symbolic":"class","decorators":[{"__symbolic":"call","expression":{"__symbolic":"reference","module":"@angular/core","name":"NgModule","line":17,"character":1},"arguments":[{"exports":[{"__symbolic":"reference","module":"@angular/platform-browser","name":"BrowserModule","line":18,"character":12}],"providers":{"__symbolic":"reference","name":"ɵangular_packages_platform_browser_animations_animations_d"}}]}],"members":{}},"NoopAnimationsModule":{"__symbolic":"class","decorators":[{"__symbolic":"call","expression":{"__symbolic":"reference","module":"@angular/core","name":"NgModule","line":28,"character":1},"arguments":[{"exports":[{"__symbolic":"reference","module":"@angular/platform-browser","name":"BrowserModule","line":29,"character":12}],"providers":{"__symbolic":"reference","name":"ɵangular_packages_platform_browser_animations_animations_e"}}]}],"members":{}},"ANIMATION_MODULE_TYPE":{"__symbolic":"new","expression":{"__symbolic":"reference","module":"@angular/core","name":"InjectionToken","line":42,"character":8},"arguments":["AnimationModuleType"]},"ɵBrowserAnimationBuilder":{"__symbolic":"class","extends":{"__symbolic":"reference","module":"@angular/animations","name":"AnimationBuilder","line":14,"character":45},"decorators":[{"__symbolic":"call","expression":{"__symbolic":"reference","module":"@angular/core","name":"Injectable","line":13,"character":1}}],"members":{"__ctor__":[{"__symbolic":"constructor","parameterDecorators":[null,[{"__symbolic":"call","expression":{"__symbolic":"reference","module":"@angular/core","name":"Inject","line":18,"character":47},"arguments":[{"__symbolic":"reference","module":"@angular/common","name":"DOCUMENT","line":18,"character":54}]}]],"parameters":[{"__symbolic":"reference","module":"@angular/core","name":"RendererFactory2","line":18,"character":28},{"__symbolic":"reference","name":"any"}]}],"build":[{"__symbolic":"method"}]}},"ɵBrowserAnimationFactory":{"__symbolic":"class","extends":{"__symbolic":"reference","module":"@angular/animations","name":"AnimationFactory","line":35,"character":45},"members":{"__ctor__":[{"__symbolic":"constructor","parameters":[{"__symbolic":"reference","name":"string"},{"__symbolic":"reference","name":"ɵAnimationRenderer"}]}],"create":[{"__symbolic":"method"}]}},"ɵAnimationRenderer":{"__symbolic":"class","extends":{"__symbolic":"reference","name":"ɵangular_packages_platform_browser_animations_animations_f"},"members":{"__ctor__":[{"__symbolic":"constructor","parameters":[{"__symbolic":"reference","name":"ɵAnimationRendererFactory"},{"__symbolic":"reference","name":"string"},{"__symbolic":"reference","module":"@angular/core","name":"Renderer2","line":136,"character":54},{"__symbolic":"reference","module":"@angular/animations/browser","name":"ɵAnimationEngine","line":30,"character":58}]}],"setProperty":[{"__symbolic":"method"}],"listen":[{"__symbolic":"method"}]}},"ɵAnimationRendererFactory":{"__symbolic":"class","decorators":[{"__symbolic":"call","expression":{"__symbolic":"reference","module":"@angular/core","name":"Injectable","line":20,"character":1}}],"members":{"__ctor__":[{"__symbolic":"constructor","parameters":[{"__symbolic":"reference","module":"@angular/core","name":"RendererFactory2","line":30,"character":24},{"__symbolic":"reference","module":"@angular/animations/browser","name":"ɵAnimationEngine","line":30,"character":58},{"__symbolic":"reference","module":"@angular/core","name":"NgZone","line":30,"character":90}]}],"createRenderer":[{"__symbolic":"method"}],"begin":[{"__symbolic":"method"}],"_scheduleCountTask":[{"__symbolic":"method"}],"scheduleListenerCallback":[{"__symbolic":"method"}],"end":[{"__symbolic":"method"}],"whenRenderingDone":[{"__symbolic":"method"}]}},"ɵInjectableAnimationEngine":{"__symbolic":"class","extends":{"__symbolic":"reference","module":"@angular/animations/browser","name":"ɵAnimationEngine","line":18,"character":47},"decorators":[{"__symbolic":"call","expression":{"__symbolic":"reference","module":"@angular/core","name":"Injectable","line":17,"character":1}}],"members":{"__ctor__":[{"__symbolic":"constructor","parameterDecorators":[[{"__symbolic":"call","expression":{"__symbolic":"reference","module":"@angular/core","name":"Inject","line":20,"character":7},"arguments":[{"__symbolic":"reference","module":"@angular/common","name":"DOCUMENT","line":20,"character":14}]}],null,null],"parameters":[{"__symbolic":"reference","name":"any"},{"__symbolic":"reference","module":"@angular/animations/browser","name":"AnimationDriver","line":20,"character":42},{"__symbolic":"reference","module":"@angular/animations/browser","name":"ɵAnimationStyleNormalizer","line":20,"character":71}]}]}}},"origins":{"ɵangular_packages_platform_browser_animations_animations_a":"./animations","ɵangular_packages_platform_browser_animations_animations_b":"./animations","ɵangular_packages_platform_browser_animations_animations_c":"./animations","ɵangular_packages_platform_browser_animations_animations_d":"./animations","ɵangular_packages_platform_browser_animations_animations_e":"./animations","ɵangular_packages_platform_browser_animations_animations_f":"./animations","BrowserAnimationsModule":"./animations","NoopAnimationsModule":"./animations","ANIMATION_MODULE_TYPE":"./animations","ɵBrowserAnimationBuilder":"./animations","ɵBrowserAnimationFactory":"./animations","ɵAnimationRenderer":"./animations","ɵAnimationRendererFactory":"./animations","ɵInjectableAnimationEngine":"./animations"},"importAs":"@angular/platform-browser/animations"}